timestamp,source_url,source_page,fuente,titulo,link,precio,ubicacion,caracteristicas
2025-08-30T15:12:46.779479,https://www.inmuebles24.com/inmuebles/en-venta/distrito-federal/,https://www.inmuebles24.com/inmuebles.html,Inmuebles24,"Conoce esta maravillosa residencia, donde la elegancia se fusiona con la comodidad en Lagos del Sol. La propiedad es ideal para aquellos que buscan un estilo de vida armonioso y elegante. Al abrir, nos recibe una bella sala con jardinera de frente y un comedor con vistas al jardín detrás. El área verde de la casa está pensada para que quienes la habiten disfruten de momentos de tranquilidad y convivencia en el área de asador. La jardinería muestra un diseño impresionante que resalta la belleza de especies endémicas al mismo tiempo que provee una sensación de bienestar. El espacio del jardín es muy amplio, con piscina para disfrutar los días soleados. La sala, comedor y palapa tienen sonido integral para ambientar cualquier ocasión. La casa se destaca por su distribución de espacios y la luz natural que recibe. Las tres habitaciones son amplias y cómodas, cada una con distribución única. Por otro lado, la cocina alemana marca Ixina (al igual que la cava) resalta por su equipamiento de alta gama y acabados de lujo, con 10 años de garantía. Su diseño funcional permite una experiencia perfecta para cocinar los mejores platillos. Lagos del Sol es un residencial exclusivo y tranquilo, situado a solo 5 minutos del aeropuerto y con exclusivas amenidades, casa club inigualable y 40 hectáreas de lago. La propiedad se distribuye de la siguiente manera en 1 planta: planta baja: - Recibidor con medio baño. - Estancia con sala y terraza frontal con jardinera. - Cocina integral de alta gama equipada con refrigerador, horno, parrillas, barra y alacenas. - Comedor con vistas al jardín y bar. - Terraza con comedor. - Alberca con jardín amplio. - Área de convivencia con barra y asador. - Recámara principal - Con vestidor, baño con tina y doble lavabo. - Recámara #2 - Con amplio clóset y baño completo. - Recámara #3 - Con amplio clóset y baño completo. amenidades lagos del sol: - Casa club con gimnasio, 3 canchas de tenis, cancha de squash, alberca familiar y alberca semiolímpica, cafetería, baños con vapor, salón de usos múltiples. - Seguridad 24/7 con caseta. - Palapa frente al lago principal. - Parque lineal al lago. - Ciclopista. - Áreas verdes y amplias vialidades",https://www.inmuebles24.com/propiedades/clasificado/veclcain-casa-en-venta-en-cancun-en-res.-lagos-del-sol-con-145522341.html,"MN 27,000,000","Lagos del Sol, Cancún",
2025-08-30T15:12:46.829808,https://www.inmuebles24.com/inmuebles/en-venta/distrito-federal/,https://www.inmuebles24.com/inmuebles.html,Inmuebles24,"Venta de casa en el Fracc. Manantiales, Cuernavaca, Morelos…Clave 4927 $Ver datos M. N. Tk-4927 Venta de casa dentro de fraccionamiento con vigilancia las 24 horas del día. Esta propiedad tiene un amplio jardín ideal para convivir con la naturaleza, la casa está construida en dos niveles, en planta baja encontramos una amplia terraza que se conecta con la sala y el comedor que tienen vista a la terraza, cocina integral y dos recamaras con baño completo, en planta alta tiene dos amplias recamaras con baño completo, la recamara principal cuenta con sala de estar y amplia terraza con vista al jardín. Además, la propiedad tiene tres cuartos de servicio, un baño completo, un bungalow independiente con baño completo, estacionamiento para diez autos, cisterna de 13, 000 litros, tanque de gas estacionario, boiler, todo lo que usted y su familia necesitan para vivir tranquilos en el inigualable clima de Cuernavaca, la ciudad de la eterna primavera. Haga su cita hoy mismo y conozca la propiedad. 2, 439 m2 Terreno725. 61 m2 Construcción4927 Remax For Sale Inmobiliaria en Cuernavaca. ¡re/max te ayuda a encontrar las mejores propiedades en venta y rentas! re/max es la marca inmobiliaria que más vende Bienes Raíces en México y el mundo. Los Agentes Inmobiliarios re/max ayudan a millones de personas a comprar, rentar o vender propiedades. Contamos con casas, departamentos, oficinas, terrenos y otros inmuebles en venta y renta. ¡Asesórate con re/max y vende o renta tu propiedad más rápido y de manera segura! Al vender o rentar una propiedad es importante contar con un Agente Inmobiliario profesional y capacitado. Nuestros agentes se especializan en dar asesoría personalizada a clientes que quieren vender su propiedad en un precio justo y en el menor tiempo posible. De igual manera ayudan a sus clientes a encontrar la propiedad de sus sueños de una forma segura, fácil y sin complicaciones.",https://www.inmuebles24.com/propiedades/clasificado/veclcain-venta-de-casa-en-el-fracc.-manantiales-cuernavaca-143494115.html,"MN 15,000,000","Manantiales, Cuernavaca",
2025-08-30T15:12:46.866291,https://www.inmuebles24.com/inmuebles/en-venta/distrito-federal/,https://www.inmuebles24.com/inmuebles.html,Inmuebles24,"Renta Departamento Plaza Carso 3 Recamaras Amueblado. Muy exclusivo ubicado en Plaza Carso 1, inmediato a Polanco, Periférico, Ejercito Nacional, Circuito Interior, Lomas de Chapultepec, los mejores Centros Comerciales y Corporativos, Estilo Contemporáneo, impecable, precioso departamento, excelente distribución en esquina, finos acabados en madera, mármol, granito y cerámico, cocina integral abierta con barra de granito, muy iluminado, hermosa vista, amplia área social abierta, 03 recamaras, 02 1/2 baños, 02 estacionamientos, closets empotrados, en la recamara principal precioso y amplio vestidor, Cuarto de Lavado. Amenidades: alberca, gimnasio, salón de eventos, ludoteca, canchas de tenis, jardin, sala de juntas, Acceso directo a Plaza Carso. Vigilancia estricta las 24 horas. Cerca de Antara, supermercados, cines, las mejores tiendas y restaurantes. Excelente zona, céntrica y con acceso a múltiples servicios, comercios, entretenimiento y vías rápidas, acceso controlado. Excelente ubicación inmediato al restaurantes con acceso a múltiples servicios, comercios y lugares públicos, así como a una gran oferta cultural, caminando o en auto. Todos los servicios a la mano. A menos de 10 minutos (caminando): cafés, teatros, cines, club deportivo, farmacias, restaurante/bar, bancos, gasolinera, vigilancia, spa, salones y peluquerías, regalos, agencias automotrices, etc. Cerca de Corporativos, las mejores escuelas y Universidades. Una de las zonas con mayor tradición, historia y plusvalía de la Ciudad de México, segura, y con excelentes opciones para pasear y disfrutar con la familia o amigos.",https://www.inmuebles24.com/propiedades/clasificado/alclapin-renta-departamento-plaza-carso-3-recamaras-amueblado-147268624.html,"USD 3,400","Polanco, Miguel Hidalgo",
2025-08-30T15:12:46.902422,https://www.inmuebles24.com/inmuebles/en-venta/distrito-federal/,https://www.inmuebles24.com/inmuebles.html,Inmuebles24,"Ref: 2 5 1 2 3 4. Venta de condominio en Las Brisas Zona hotelera. Características: 1 recamara. 1 baño completo. Area de cocina. Tarja. Frigobar. Incluye mantenimiento, Agua Gas Señal satelital y televisión. No incluye luz e internet. 45 mts2. Alberca y unas increíbles vistas al mar caribe. Cerca de plaza la isla. Facil salida al aeropuerto de cancun. Ideal para vacacionar con la familia o darlo rentado. Excelente oportunidad de inversión. Precio de venta $4, 800, 000. El acceso a principales vías de comunicación como la Avenida Kukulcán y la Carretera 307, facilita la movilidad en la ciudad y la conectividad con otras zonas de interés. No pierdas la oportunidad de invertir en este departamento en la Zona Hotelera de Benito Juárez, Quintana Roo, ¡contáctanos para agendar una visita y conocer más detalles!",https://www.inmuebles24.com/propiedades/clasificado/veclapin-venta-de-condominio-en-las-brisas-zona-hotelera-cancun-146890220.html,"MN 4,800,000","Cancún, Benito Juárez",
2025-08-30T15:12:46.938662,https://www.inmuebles24.com/inmuebles/en-venta/distrito-federal/,https://www.inmuebles24.com/inmuebles.html,Inmuebles24,"Remate bancario, Departamento en excelente ubicación, y exclusivo lomas de santa fe cerca de plazas comerciales, escuelas, hospitales, parques, etc. 627 m2, 4 recamaras, 4. 5 sanitarios completos, 4 estacionamientos. Para mayor información comunícate conmigo. Valeria Diego. Tel: Ver datos. También contesto Whatsapp: Ver datos",https://www.inmuebles24.com/propiedades/clasificado/veclapin-remato-departamento-en-torre-mirage-lomas-de-santa-fe-145690130.html,"MN 2,500,000","Lomas de Santa Fe, Alvaro Obregón",
2025-08-30T15:12:46.975143,https://www.inmuebles24.com/inmuebles/en-venta/distrito-federal/,https://www.inmuebles24.com/inmuebles.html,Inmuebles24,"Casa muy familiar estilo minimalista, ubicada en una cerrada en Cholul con accesos muy rápidos y que solo cuenta con 14 lotes residencialesUn hogar echo en un terreno de 189 mt2en su forma irregular por estar al final de la cerrada en el retorno, y con una construcción de 189 mt2 que son parte de esta hermosa casa. La cerrada cuenta con todas las instalaciones subterráneas de luz, agua potable e internet, así como la tranquilidad y privacidad que te da para que tus hijos puedan jugar fuera de casa. Rodeado de casas residenciales y comercios típicos de Cholul, encontraras a muy pocas cuadras tiendas de conveniencia, a 11 minutos se encuentra Plaza Altabrisa, uno de los centros comerciales mas importantes de Mérida que cuenta con restaurantes, cines, bancos, tiendas de ropa y accesorios así como supermercado y mucho mas! Claro no podemos dejar de mencionar el Puerto de Progreso, nuestras magnifica costa Yucateca en la cual tienes la playa a una distancia de 35 minutos en automóvil, para disfrutar esos fines de semana con la familia! ! entrega inmediatadescripción: planta baja: *Recibidor*Area de Lavado*Medio baño de visitas*Cocina con mesa de granito *Comedor *Sala con vista a la alberca*Terraza*Alberca*Cochera para dos autosplanta alta*Recamara principal con baño completo y walking closet*Recamara secundaria uno con baño completo y walking closet*Recamara secundaria dos baño completo y área de closet*Espacio de closet de blancos Adicionales incluidos: Cocina con Gaveteros y cajones inferiores en madera. Canceles de baño en cristal templado. **Precio y disponibilidad sujeta a cambios sin previo aviso **El precio* se actualiza de acuerdo a la nom 247 se 2021**No incluye gastos de escrituración ni avalúo**Se Aceptan Créditos Bancarios y Recurso Propio **Para mayores informes contactar con un asesorSomos especialistas en el negocio inmobiliario. Tenemos experiencia en la compra, venta, alquiler y transacciones de casas, departamentos, terrenos y más. Contamos con un equipo de profesionales dispuestos a ayudarle de manera profesional y eficiente. Nuestra meta es que se sienta con la confianza y seguridad que necesita al buscar y formar su patrimonio o vender un inmueble!",https://www.inmuebles24.com/propiedades/clasificado/veclcain-casa-de-3-recamaras-con-alberca-en-cholul-merida.-145937148.html,"MN 4,050,000","Cholul, Mérida",
2025-08-30T15:12:47.010833,https://www.inmuebles24.com/inmuebles/en-venta/distrito-federal/,https://www.inmuebles24.com/inmuebles.html,Inmuebles24,"Bienvenidos a Mukabá, tu nuevo hogar a solo 25 minutos de Mérida! Un espacio rodeado de áreas verdes y una ubicación privilegiada cercana a las playas de la costa yucateca. Rodeada de + de 20 desarrollos premium, entre ellos está el Country lake y cuadra. 20 mil m2 de áreas verdes. Áreas naturales para actividades recreativas, mascotas, picnics, yoga al aire libre, ciclismo, jogging y contemplación escénica. 100% pavimentado. Las calles se entregarán pavimentadas, garantizando una mayor plusvalía. En venta: Lote 26, ubicado en la primera etapa. -Terreno de 622. 14 m2. Frente: 12. 47m. Fondo: 49. 91 m. * Precio por metro cuadrado $ 520. 00 pesos. - Precio de contado: $ 323, 512. 80 pesos. 40% de enganche $ 129, 405. 12 pesos. 60% saldo en escrituración. Únicamente se acepta recurso propio. Mukabá con su cercanía a la costa yucateca y a la vibrante ciudad de Mérida, garantiza un estilo de vida cómodo y lleno de oportunidades. * Precios sujetos a cambio sin previo aviso. * El precio no incluye gastos notariales/impuestos, derechos ni otros rubros que se determinaran en función de los montos variables de conceptos de créditos, aranceles notariales y legislación fiscal aplicable.",https://www.inmuebles24.com/propiedades/clasificado/vecltein-terreno-en-venta-en-hunucma-yucatan-145529201.html,"MN 323,512","Hunucmá, Hunucmá",
2025-08-30T15:12:47.047141,https://www.inmuebles24.com/inmuebles/en-venta/distrito-federal/,https://www.inmuebles24.com/inmuebles.html,Inmuebles24,"Venta de moderna residencia con vista panorámica en el Fracc. Lomas de Cocoyoc! Construida en dos niveles con acabados de lujo con recibidor a doble altura, estancia- comedor con vista al jardín y cocina con diseño exclusivo. Cuarto de lavado, cuarto de despensa y cuarto de servicio. Una récamara en planta baja. Una amplia terraza que mira hacia la piscina con cascada y muro llorón, una bodega de guardado y a un baño que da servicio al jardín; sin olvidar un moderno asador para realizar alegres parrilladas. En la parte superior nos recibe un juego de luz muy agradable, formado por un ventanal en cubo que baña un vestíbulo que contiene un closet de blancos y un closet de limpieza, que nos hace la vida más comoda. Seguimos por un pasillo con techo de domos, el cual nos conduce a las 3 habitaciones, que son principal, con vestidor, baño y terraza. Una junior con vestidor, baño y terraza y una secundaria con closet y baño. Al frente de la casa, nos recibe una moderna cochera con capacidad para dos camionetas. Esta propiedad se encuentra en uno de los fraccionamientos con más plusvalía en el país, el cual cuenta con amenidades como casa club, cancha de tenis, campo de golf, centro comercial, iglesia, escuela, etc. A solo 10 minutos del Six Flags Hurricane Harbor Oaxtepec, pueblos mágicos como Tepoztlán y Tlayacapan.",https://www.inmuebles24.com/propiedades/clasificado/veclcain-venta-de-casa-en-lomas-de-cocoyoc-146198628.html,"MN 10,350,000","Fraccionamiento Lomas de Cocoyoc, Atlatlahucan",
2025-08-30T15:12:47.083295,https://www.inmuebles24.com/inmuebles/en-venta/distrito-federal/,https://www.inmuebles24.com/inmuebles.html,Inmuebles24,"Estudio en Venta en Riviera Maya Playa del Carmen Centro Aldea Thai syr264 Este Estudio de lujo cuenta con balcón con vista al mar! También tendrás acceso al gym, una amplia alberca con vista al mar, estacionamiento y seguridad 24hs. Ubicado en la Calle 28 y la playa, cerca de todo! Incluyendo las famosas playa de Mamita’s Beach y Kool Beach! Excelente inversión por su rentabilidad mensual por Airbnb. Amplio espacio de 60 m2 de construcciónTe encontrarás muy cerca de restaurantes, bares, cafeterías, clubes, tiendas, supermercados, galerías y más. A 45 minutos del Aeropuerto Internacional de Cancún. A 40 minutos de Tulum. 40 minutos en ferry a la isla de Cozumel. A 2 cuadras de la 5ta avenida. A pasitos de la playa. Listo para comenzar a generar su Retorno de Inversión al rentarlo vacacional. Aldea Thai es un condominio de alquiler muy popular que genera mayores retornos que otros condominios. Contáctanos para solicitar una cita con uno de nuestros Asesores Inmobiliarios para que te muestre esta y otras propiedades que se ajusten a tus necesidades y preferencias. Precios sujetos a cambios sin previo aviso. Caribbean Realtors cumple con la ley Inmobiliaria y la Nom 247, visita:",https://www.inmuebles24.com/propiedades/clasificado/veclapin-estudio-en-venta-en-playa-del-carmen-centro-aldea-thai-146939425.html,"MN 4,200,000","Playa del Carmen Centro, Playa del Carmen",
2025-08-30T15:12:47.119665,https://www.inmuebles24.com/inmuebles/en-venta/distrito-federal/,https://www.inmuebles24.com/inmuebles.html,Inmuebles24,"Fraccionamiento cerrado. 18 lotes en total. Ya hay casas construidas. Ubicación privilegiada. Acceso directo to al periférico a la altura del restaurante la Gurrumina. 3 min de plaza San Diego. 7 min de la udlap. 13 min de Angelópolis. Terreno de 154. 48 m2. 13. 52 m2 de frente. 16. 08 m2 de fondo. $1, 468, 000",https://www.inmuebles24.com/propiedades/clasificado/vecltein-terreno-lote-en-venta-zona-plaza-san-diego-cholula-145955862.html,"MN 999,999","Barrio Jesús Tlatempa, San Pedro Cholula",
2025-08-30T15:12:47.162257,https://www.inmuebles24.com/inmuebles/en-venta/distrito-federal/,https://www.inmuebles24.com/inmuebles.html,Inmuebles24,"Venta de casa, 5 recamaras, Col. Provincias de Canadá, Cuernavaca, Morelos…Clave 5495 Tk-5495 Dentro de la llamada zona dorada de Cuernavaca, encontraras esta casa con doble filtro de seguridad, construida en dos niveles, consta en el primer nivel de espacios de sala, comedor, estudio, área de cantina, medio baño y cocina equipada, en el segundo nivel consta de tres recamaras cada una con baño completo, la recamara principal con vestidor y jacuzzi, además de contar con estudio, salón de fiestas, gimnasio, dos recamaras de visitas con baño completo, estacionamiento cubierto para tres autos con portón eléctrico, cisterna, dos tinacos y tanque de gas estacionario. Toda la propiedad tiene excelente luz natural y amplios espacios que le dan un toque de distinción y comodidad. En la alberca y jardín usted podrá pasar gratos ratos de convivencia con su familia y amigos. No lo piense más, que no se la ganen. $Ver datos M. N. 963 m2 Terreno875 m2 Construcción5495 Remax For Sale Inmobiliaria en Cuernavaca. ¡re/max te ayuda a encontrar las mejores propiedades en venta y rentas! re/max es la marca inmobiliaria que más vende Bienes Raíces en México y el mundo. Los Agentes Inmobiliarios re/max ayudan a millones de personas a comprar, rentar o vender propiedades. Contamos con casas, departamentos, oficinas, terrenos y otros inmuebles en venta y renta. ¡Asesórate con re/max y vende o renta tu propiedad más rápido y de manera segura! Al vender o rentar una propiedad es importante contar con un Agente Inmobiliario profesional y capacitado. Nuestros agentes se especializan en dar asesoría personalizada a clientes que quieren vender su propiedad en un precio justo y en el menor tiempo posible. De igual manera ayudan a sus clientes a encontrar la propiedad de sus sueños de una forma segura, fácil y sin complicaciones.",https://www.inmuebles24.com/propiedades/clasificado/veclcain-venta-de-casa-5-recamaras-col.-provincias-de-canada-146060264.html,"MN 18,800,000","Fraccionamiento Provincias del Canadá, Cuernavaca",
2025-08-30T15:12:47.198040,https://www.inmuebles24.com/inmuebles/en-venta/distrito-federal/,https://www.inmuebles24.com/inmuebles.html,Inmuebles24,"Residencia en lomas de cocoyoc en venta. terreno: 533M. construccion: 450M. recamaras: 4 (la principal con tina, vestidor Y terraza) baños: 5. 5. cocina equipada. cuarto de lavado. cuarto de servicio con baño. sala con muro de tv. comedor doble altura. terraza techada con asador. piscina con jacuzzi. jardin con fogatero. garaje techado 2 autos. garaje descubierto 2 autos. espejo de agua con fuentes. cisterna de 10 mil litros. adicionales: persianas eléctricas. apagadores inteligentes cámaras de seguridad Y ventiladores.",https://www.inmuebles24.com/propiedades/clasificado/veclcain-residencia-ubicada-en-la-seccion-mas-nueva-del-147107171.html,"MN 13,200,000","Fraccionamiento Lomas de Cocoyoc, Atlatlahucan",
2025-08-30T15:12:47.233820,https://www.inmuebles24.com/inmuebles/en-venta/distrito-federal/,https://www.inmuebles24.com/inmuebles.html,Inmuebles24,"Casa de una planta con tres habitaciones, sala a doble altura y alberca. una sola planta-Cochera techada para 3 autos-Medio baño de visitas-Sala / Comedor corrido a doble altura-Cocina con isla-Terraza techada a doble altura-Alberca con acabado chukum e iluminación led de 4 x 7 mts. -Amplio jardín trasero-Jardines interiores-Área de servicio-Área de tendido-Recámara 1 y 2 de 3. 50 x 4. 50 mts. -Recámara principal de 4. 00 X 5. 15 mts. acabados-Pisos de mármol-Recubrimiento en muros con piedra de la región-Recubrimiento en muros de pasta-Muros en recamaras 4 m de altura-Granito en cocinaIncluye: -Carpintería en gavetas inferiores y superiores de cocina-Closets-Canceles de baño-Pisos de mármol-Recubrimiento en muros con piedra de la región-Recubrimiento en muros de pasta-Muros en recamaras 4 m de altura-Granito en cocinaentrega: -Inmediata- Opción a preventa: $ 3, 995, 000. 00 seis meses después de la firma de la promesa de venta. Formas de pago: -Recurso propio-Crédito bancariocontáctanos al +Ver datos para recibir consultoría integral en tu proceso de compra: -Contamos con toda la oferta inmobiliaria en yucatán-Brindamos comparativa sobre toda la oferta inmobiliaria: rendimientos, plusvalía, etc. -Asesoría para el trámite de créditos bancarios, infonavit, entre otros, &quot;El mejor estilo de vida comienza con una inversión que te inspira&quot;*Precio y medidas con base a la casa anunciada**En conformidad a lo establecido en la nom-Ver datos el precio total reflejado se ve determinado en función de los montos variables de conceptos notariales y de crédito, dichos deberán ser consultados con los promotores en conformidad a la nom-Ver datos**Actualizado al día 25 de febrero del 2025*und2059",https://www.inmuebles24.com/propiedades/clasificado/veclcain-casa-de-una-planta-con-sala-a-doble-altura-en-dzitya-147109568.html,"MN 4,390,000","Dzityá, Mérida",
2025-08-30T15:12:47.269251,https://www.inmuebles24.com/inmuebles/en-venta/distrito-federal/,https://www.inmuebles24.com/inmuebles.html,Inmuebles24,"Departamento super iluminado con roof garden privado en colonia portales norte, alcaldia benito juarez. el departamento cuenta con 70M2 habitables mas 6M2 de balcon Y 33M2 de roof garden privado. cuenta con estancia amplia Y balcon. area de lavado con ventilacion natural. bodega extra por $80, 000cuenta con 1 cajon de estacionamiento independiente Y la posibilidad de instalar un elevautos por $300, 000.",https://www.inmuebles24.com/propiedades/clasificado/veclapin-departamento-con-roof-garden-privado-en-portales-norte-146998829.html,"MN 4,680,000","Portales Norte, Benito Juárez",
2025-08-30T15:12:47.304388,https://www.inmuebles24.com/inmuebles/en-venta/distrito-federal/,https://www.inmuebles24.com/inmuebles.html,Inmuebles24,"Privacidad, elegancia y luz natural en esta joya de Altozano Río. Imagina despertar cada mañana con vistas verdes, luz sur que inunda cada rincón y la serenidad de vivir en una privada de alta gama, donde el lujo se respira en cada detalle________Desde que cruzas la entrada, una fusión de piedra y madera cálida marca el tono de esta residencia excepcional. Al interior, la sala comedor de doble altura se despliega en un ambiente abierto y luminoso gracias a ventanales de piso a techo que conectan con un exuberante jardín. La cocina gourmet —con isla central, mármol, gabinetes grises y electrodomésticos importados— es el corazón de la casa. El diseño fluido entre estancias y la cuidada selección de acabados e iluminación empotrada crean una atmósfera moderna, funcional y estética. La terraza techada con jacuzzi y el jardín, que se conecta con el área verde del fraccionamiento, son ideales para relajarte o convivir al aire libre. Cada recámara cuenta con baño privado, ventilación cruzada y gran iluminación natural. La domótica permite controlar luces, temperatura y seguridad con facilidad. Este hogar ha sido planeado para adaptarse a un estilo de vida exigente y brindar comodidad en cada momento del día, fusionando tecnología, elegancia y bienestar. • 3 recámaras con vestidor y baño en planta alta • Recámara/estudio con baño completo en planta baja • Toilet • Estacionamiento cubierto para 4 autos • Vestibulación exterior ajardinada y con fuente • Vestibulación interior de doble altura • Sala comedor de doble altura • Cocina con electrodomésticos importados • Terraza techada con jacuzzi • Sala de estar familiar • Orientación sur para máxima luz natural • Ubicada al centro de la privada • Jardín privado que se integra con el área verde • Domótica inteligente en toda la casa • Sistema de purificación de agua¡Haz tu cita y vive Altozano como nunca antes! Referencia: 24-150-cp",https://www.inmuebles24.com/propiedades/clasificado/veclcain-casa-nueva-en-venta-en-altozano-142627454.html,"MN 21,800,000","Altozano el Nuevo Querétaro, Querétaro",
2025-08-30T15:12:47.339757,https://www.inmuebles24.com/inmuebles/en-venta/distrito-federal/,https://www.inmuebles24.com/inmuebles.html,Inmuebles24,Rentaplazacarso. com. precioso departamento de 1 recamara. Acabados de alta calidad. Completamente amueblado. 65 M2. 1 recamara muy amplia con baño completo Y vestidor. Baño de visitas. Linda cocina abierta. Area de lavado. Espaciosa sala comedor. Muebles de alta calidad. Perfecta distribucion. Muy luminoso. Completo conjunto de amenidades. Vigilancia 24 horas. Torre muy bien ubicada. Mantenimiento incluido en la renta. Solo se renta para periodos de larga estancia.,https://www.inmuebles24.com/propiedades/clasificado/alclapin-plaza-carso:-precioso-departamento-amueblado-de-1-64201296.html,"MN 38,000","Ampliación Granada, Miguel Hidalgo",
2025-08-30T15:12:47.375342,https://www.inmuebles24.com/inmuebles/en-venta/distrito-federal/,https://www.inmuebles24.com/inmuebles.html,Inmuebles24,"Se renta bodega industrial en Apodaca nl. En parque industrial Almacentro, de 1000 m2. Con 50 m2 de oficinas en su interior, con porton de acceso y andén de carga y descarga, excelente ubicación, con muy fácil acceso a av Miguel Alemán. Con firme de 15 cms ideal para almacenar y operar o transformar, más detalles al Ver datos",https://www.inmuebles24.com/propiedades/clasificado/alclbcin-bodega-renta-apodaca-147155640.html,"MN 115,000","Almacentro, Apodaca",
2025-08-30T15:12:47.411124,https://www.inmuebles24.com/inmuebles/en-venta/distrito-federal/,https://www.inmuebles24.com/inmuebles.html,Inmuebles24,"Casa en venta en el fraccionamiento Rinconada La Calma, ubicado en la zona residencial de La Calma. Esta propiedad ofrece un terreno de 117. 20 m² y una construcción de 140 m² distribuidos en dos niveles. En planta baja cuenta con cochera para dos autos, sala, comedor, cocina funcional, medio baño, patio y una agradable terraza ideal para reuniones al aire libre. En el segundo nivel se encuentra la recámara principal con baño completo y vestidor, además de dos recámaras secundarias con clóset que comparten un baño completo. La casa cuenta con ventanería de aluminio, protecciones de hierro, mosquiteros y pisos cerámicos. Dentro del fraccionamiento hay caseta de vigilancia, control de acceso eléctrico y áreas verdes que brindan un ambiente seguro y familiar. Su excelente ubicación permite disfrutar de todos los servicios: tiendas de conveniencia, supermercados, centros comerciales, escuelas, universidades, restaurantes, bancos y hospitales. Ideal para quienes buscan comodidad, seguridad y excelente conectividad en una de las mejores zonas de Zapopan.",https://www.inmuebles24.com/propiedades/clasificado/veclcain-casa-en-venta-en-la-calma-rinconada-la-patria-22-146563759.html,"MN 4,500,000","La Calma, Zapopan",
2025-08-30T15:12:47.447104,https://www.inmuebles24.com/inmuebles/en-venta/distrito-federal/,https://www.inmuebles24.com/inmuebles.html,Inmuebles24,"Departamento ubicado en Temozon Norte. A pocos minutos de los mejores centros comerciales, restaurantes, universidades, escuelas de primer nivel y Hospitales. Características: - Cocina Integral con alacena y barra. - Sala. -Balcon. -Medio baño de visitas. -Habitacion principal con closet vestidor y con Baño privado. -Habitacion secundaria con closet lineal y baño privado. -Centro de lavado. -Closet de blancos. -Dos Cajones de estacionamiento. Amenidades: -Gimnasio. -Cancha de padel. -Alberca. -Terraza climatizada. -Entertaining room. -Area Gril. -Sala de juntas y co-work. -Salon de usos multiples. -Estacionamiento de visitas. -Seguridad 24/7. Entrega Diciembre 2025. ¡Agenda tu cita! Vive la experiencia de elegir tu hogar #Befivt. Web: Fivt. mx. Instagram: @fivt. mx. fb/yt/lk: fivt",https://www.inmuebles24.com/propiedades/clasificado/veclapin-departamento-en-venta-en-temozon-norte-147136014.html,"MN 3,320,000","Temozón Norte, Mérida",
2025-08-30T15:12:47.482170,https://www.inmuebles24.com/inmuebles/en-venta/distrito-federal/,https://www.inmuebles24.com/inmuebles.html,Inmuebles24,"Vive en la comodidad de una Casa de 1 Nivel con más de 300mts² de Terreno en el Fraccionamiento Lomas de la Rioja en Veracruz. Venta: $4'500, 000. Más Gastos de Escrituración. (Precio al Día de la Publicación) Riviera Veracruzana - Alvarado Veracruz. 306m² de Terreno. 217m² de Construcción. 1er Piso: Jardín, Jardín Interno, Jardín Rodeando la Casa, Sala Comedor, Cocina equipada con Barra de Cuarzo, Medio Baño, Garage para 2 Autos, Portón Eléctrico, Bodega, Área de Lavado, 2 Amplias Recámaras con baño y la Master con Vestidor, Terraza y Vista al Jardín. Para más Información, o Agendar una cita. WhatsApp. Si quieres encontrar más Propiedades como esta, Explora en Nuestro Catálogo. El Precio Sujeto a Cambios por el Constructor. Las Imágenes, videos y las Características pueden variar dependiendo del tipo de modelo y son sólo una representación, únicamente de la propiedad",https://www.inmuebles24.com/propiedades/clasificado/veclcain-fraccionamiento-lomas-de-la-rioja-riviera-veracruzana-146882703.html,"MN 4,500,000","Lomas de la Rioja, Alvarado",
2025-08-30T15:12:47.517886,https://www.inmuebles24.com/inmuebles/en-venta/distrito-federal/,https://www.inmuebles24.com/inmuebles.html,Inmuebles24,"Propiedad de recuperacion bancaria. solo pago con recurso propios. Entrega en 10 meses bajo contrato. Entrega ante notario. sin adeudos, libre de gravamen, sin daños estructurales. - escrituración. - Somos la empresa líder y certificada en recuperación bancaria en México. - No se aceptan ningún tipo de crédito, únicamente recursos propios. - No fovissste no infonavit. - convenio directo con los principales bancos de la República Mexicana, somos línea directa. - Asesoría gratuita",https://www.inmuebles24.com/propiedades/clasificado/veclcain-casa-en-venta-en-lirio-26-sta-maria-la-ribera-146516791.html,"MN 978,520","Santa María la Ribera, Cuauhtémoc",
2025-08-30T15:12:47.553573,https://www.inmuebles24.com/inmuebles/en-venta/distrito-federal/,https://www.inmuebles24.com/inmuebles.html,Inmuebles24,"Vive el cielo en la tierra en esta espectacular villa de 224 m² en dos niveles, diseñada para ofrecer comodidad y exclusividad. ? Características principales: 2 recámaras amplias con baños en suite3 baños completosAlberca privada con soláriumSala y comedor con ventanales de piso a techoJardín privado de 47 m²Diseño contemporáneo rodeado de naturaleza? Amenidades del desarrollo: Restaurante central con gastronomía localGimnasio de última generaciónÁreas lounge y de descansoJardines exuberantesShuttle gratuito a la playaUna oportunidad única para invertir en Tulum, con la posibilidad de generar altos ingresos a través del programa de alquiler vacacional Mistiq. ? Agenda tu visita hoy mismo y descubre por qué Mistiq Villas está rompiendo el mercado en Tulum. lolymis1 Fernando Saucedo",https://www.inmuebles24.com/propiedades/clasificado/veclcain-villa-en-tulum-2-habitaciones-5-minutos-de-la-playa-147375166.html,"MN 7,178,000","Tulum, Tulum",
2025-08-30T15:12:47.588685,https://www.inmuebles24.com/inmuebles/en-venta/distrito-federal/,https://www.inmuebles24.com/inmuebles.html,Inmuebles24,"Departamento en Venta Central Park, Piso bajo, sección Sur, impecable con apenas 4 años, Sala y Comedor muy amplios con family room, closet de blancos, medio baño de visitas, cocina abierta y amplia con gran alacena, 3 recámaras cada una con baño, 2 con vestidor y 1 con clóset, cuarto de servicio con área de lavandería, bodega, 3 autos. Pisos de madera de ingeniería, cristal templado en canceles de baño, porcelanato en cocina con cubierta desde granito, mármol en baños. Gran altura en techos. Amenidades: Alberca Techada, jacuzzi, gimnasio equipado con zona trx, salón de yoga, Spa, juicy bar, jardín con juegos infantiles, área de mascotas, estética canina, cancha de Pádel. Vigilancia las 24hrs del día. Mantenimiento: 7300",https://www.inmuebles24.com/propiedades/clasificado/veclapin-departamento-venta-bosque-real-central-park-145684321.html,"MN 9,300,000","Bosque Real, Huixquilucan",
2025-08-30T15:12:47.624440,https://www.inmuebles24.com/inmuebles/en-venta/distrito-federal/,https://www.inmuebles24.com/inmuebles.html,Inmuebles24,"Descubre esta impresionante residencia de dos niveles, ubicada junto a un hermoso lago de agua dulce. Con 4 habitaciones y 4. 5 baños, esta propiedad se encuentra en una tranquila privada con orientación norte-sur. Con un generoso terreno de 970 m² y una construcción de 758 m², fue construida en 2017, combinando elegancia y modernidad. distribución interior de la propiedadplanta baja (primer nivel) Cochera techada con espacio para 5 autos y medio baño para choferes. Sala y comedor independientes, perfectos para recibir visitas. Medio baño para visitas. Cocina personalizada, equipada con gavetas de alta calidad y una elegante barra de granito negro y cuarzo blanco. Habitación de visitas con baño privado y closet. Cuarto de servicio con baño completo. Área de lavado. Alberca, jardín y área techada de asador, ideal para disfrutar al aire libre. primer alta (segundo nivel) Amplia habitación principal con terraza privada con vista al lago, baño completo con doble lavabo y tina, además de un closet vestidor y aire acondicionado. Dos habitaciones secundarias, cada una con baño privado, aire acondicionado y acceso a terraza. Oficina con terraza, perfecta para trabajar desde casa. Family room, un espacio acogedor para disfrutar en familia. Área de cocineta en planta alta para mayor comodidad. Elegantes escaleras de caracol de concreto que conectan la cochera con la azotea. Clave: ggz6903Caribbean Realtors cumple con la ley Inmobiliaria y la Nom 247, visita:",https://www.inmuebles24.com/propiedades/clasificado/veclcain-casa-en-venta-lagos-del-sol-146858266.html,"MN 26,500,000","Lagos del Sol, Cancún",
2025-08-30T15:12:47.660577,https://www.inmuebles24.com/inmuebles/en-venta/distrito-federal/,https://www.inmuebles24.com/inmuebles.html,Inmuebles24,"Roma Norte no es solo una ubicación es un estilo de vida. Es caminar entre calles llenas de historia, cafés icónicos y un ambiente vibrante que inspira creatividad y negocios exitosos. Ahora puedes ser dueño de 40. 55 m² llenos de potencial en una de las colonias más deseadas de la Ciudad de México. Detalles que marcan la diferencia: Ubicación premium en el corazón de la Roma Norte. Actualmente dividida en dos espacios funcionales: Un consultorio listo para recibir pacientes. Un espacio adicional para oficina, showroom, o lo que imagines. Versatilidad absoluta para adaptarse a cualquier idea: despacho, consultorio, estudio creativo, boutique corporativa. ¿Por qué invertir aquí? Porque en esta zona la demanda nunca duerme. Tener una oficina en la Roma Norte es más que una inversión: es asegurar visibilidad, prestigio y un flujo constante de oportunidades. La Roma Norte lo tiene todo: comercio, gastronomía, cultura y ahora, puede tener tu oficina. Contáctanos hoy y empieza a escribir la historia de tu negocio en el lugar donde todos quieren estar. 55 Ver datos. No incluye el mobiliario mostrado en las fotografías. El precio es más gastos e impuestos de escrituración. Aviso de privacidad, así como quejas, sugerencias y más, consulta nuestro sitio oficial o contáctanos para más detalle.",https://www.inmuebles24.com/propiedades/clasificado/veclocin-donde-el-estilo-y-el-exito-se-encuentran-147330338.html,"MN 2,300,000","Roma Norte, Cuauhtémoc",
2025-08-30T15:12:47.698005,https://www.inmuebles24.com/inmuebles/en-venta/distrito-federal/,https://www.inmuebles24.com/inmuebles.html,Inmuebles24,"Características: - 2 Habitaciones - 2 Baños completos- 2 Estacionamientos sin eleva autos y sin estorbarse- Balcón- Sala / Comedor - Cocina equipada- Cuarto de lavadoamenidades: - Elevador - Roof garden común- Vigilancia las 24hrs. Este departamento te ofrece una excelente vista al Sur de la cdmx, acabados de lujo y una magnifica ubicación, con avenidas de fácil acceso, transporte público, plaza comercial muy cerca, hospitales y una calle super tranquila. A tan solo 5 min de Parque México, no te pierdas la oportunidad de tener una gran calidad de vida para ti y tu familia. ¡¡Contáctanos para agendarte una visita!!",https://www.inmuebles24.com/propiedades/clasificado/veclapin-departamento-en-venta-en-la-colonia-roma-147154077.html,"MN 5,849,999","Roma Sur, Cuauhtémoc",
2025-08-30T15:12:47.734502,https://www.inmuebles24.com/inmuebles/en-venta/distrito-federal/,https://www.inmuebles24.com/inmuebles.html,Inmuebles24,"Espectacular residencia ubicada en el. Yucatán Country Club, en una de las mejores privadas con increíbles áreas comunes para disfrutar con tu familia y amigos. Construcción: 500 m2. Terreno: 550 m2. planta baja. -Vestíbulo. -Sala. -Comedor. -Cocina muy amplia y equipada. -Baño de Visitas. -Terraza. -Piscina. -Baño para el área de piscina. -Cuarto de Servicio. -Cuarto de Lavado. -Patio de Tendido. planta alta: -4 recámaras, cada una con su vestidor y su baño. -La recámara principal cuenta con una terraza. -Estudio de tv. instalaciones. -Paneles Solares. -Planta de Emergencia. -Estacionamiento para 3 automóviles. -Aires acondicionados, mini splits de la mejor calidad. -Suavizador de agua. -Interfón. -Cisterna",https://www.inmuebles24.com/propiedades/clasificado/veclcain-casa-en-renta-venta-country-club-oasis-146701338.html,"MN 17,980,000","Yucatán Country Club, Mérida",
